Pad,Row,Col,X_mm,Y_mm,Signal,Type
A1,A,1,-3.25,3.25,NC,no_connect
A2,A,2,-2.75,3.25,NC,no_connect
A3,A,3,-2.25,3.25,DAT0,bidirectional
A4,A,4,-1.75,3.25,DAT1,bidirectional
A5,A,5,-1.25,3.25,DAT2,bidirectional
A6,A,6,-0.75,3.25,VSS,power_in
A7,A,7,-0.25,3.25,RFU,no_connect
A8,A,8,0.25,3.25,NC,no_connect
A9,A,9,0.75,3.25,NC,no_connect
A10,A,10,1.25,3.25,NC,no_connect
A11,A,11,1.75,3.25,NC,no_connect
A12,A,12,2.25,3.25,NC,no_connect
A13,A,13,2.75,3.25,NC,no_connect
A14,A,14,3.25,3.25,NC,no_connect
B1,B,1,-3.25,2.75,NC,no_connect
B2,B,2,-2.75,2.75,DAT3,bidirectional
B3,B,3,-2.25,2.75,DAT4,bidirectional
B4,B,4,-1.75,2.75,DAT5,bidirectional
B5,B,5,-1.25,2.75,DAT6,bidirectional
B6,B,6,-0.75,2.75,DAT7,bidirectional
B7,B,7,-0.25,2.75,NC,no_connect
B8,B,8,0.25,2.75,NC,no_connect
B9,B,9,0.75,2.75,NC,no_connect
B10,B,10,1.25,2.75,NC,no_connect
B11,B,11,1.75,2.75,NC,no_connect
B12,B,12,2.25,2.75,NC,no_connect
B13,B,13,2.75,2.75,NC,no_connect
B14,B,14,3.25,2.75,NC,no_connect
C1,C,1,-3.25,2.25,NC,no_connect
C2,C,2,-2.75,2.25,VDDi,power_in
C3,C,3,-2.25,2.25,NC,no_connect
C4,C,4,-1.75,2.25,VSSQ,power_in
C5,C,5,-1.25,2.25,NC,no_connect
C6,C,6,-0.75,2.25,VCCQ,power_in
C7,C,7,-0.25,2.25,NC,no_connect
C8,C,8,0.25,2.25,NC,no_connect
C9,C,9,0.75,2.25,NC,no_connect
C10,C,10,1.25,2.25,NC,no_connect
C11,C,11,1.75,2.25,NC,no_connect
C12,C,12,2.25,2.25,NC,no_connect
C13,C,13,2.75,2.25,NC,no_connect
C14,C,14,3.25,2.25,NC,no_connect
D1,D,1,-3.25,1.75,NC,no_connect
D2,D,2,-2.75,1.75,NC,no_connect
D3,D,3,-2.25,1.75,NC,no_connect
D4,D,4,-1.75,1.75,NC,no_connect
D12,D,12,2.25,1.75,NC,no_connect
D13,D,13,2.75,1.75,NC,no_connect
D14,D,14,3.25,1.75,NC,no_connect
E1,E,1,-3.25,1.25,NC,no_connect
E2,E,2,-2.75,1.25,NC,no_connect
E3,E,3,-2.25,1.25,NC,no_connect
E5,E,5,-1.25,1.25,RFU,no_connect
E6,E,6,-0.75,1.25,VCC,power_in
E7,E,7,-0.25,1.25,VSS,power_in
E8,E,8,0.25,1.25,VSF,no_connect
E9,E,9,0.75,1.25,VSF,no_connect
E11,E,11,1.75,1.25,NC,no_connect
E12,E,12,2.25,1.25,NC,no_connect
E13,E,13,2.75,1.25,NC,no_connect
F1,F,1,-3.25,0.75,NC,no_connect
F2,F,2,-2.75,0.75,NC,no_connect
F3,F,3,-2.25,0.75,NC,no_connect
F5,F,5,-1.25,0.75,VCC,power_in
F9,F,9,0.75,0.75,VSF,no_connect
F11,F,11,1.75,0.75,NC,no_connect
F12,F,12,2.25,0.75,NC,no_connect
F13,F,13,2.75,0.75,NC,no_connect
G1,G,1,-3.25,0.25,NC,no_connect
G2,G,2,-2.75,0.25,NC,no_connect
G3,G,3,-2.25,0.25,RFU,no_connect
G5,G,5,-1.25,0.25,VSS,power_in
G9,G,9,0.75,0.25,VSF,no_connect
G11,G,11,1.75,0.25,NC,no_connect
G12,G,12,2.25,0.25,NC,no_connect
G13,G,13,2.75,0.25,NC,no_connect
H1,H,1,-3.25,-0.25,NC,no_connect
H2,H,2,-2.75,-0.25,NC,no_connect
H3,H,3,-2.25,-0.25,NC,no_connect
H5,H,5,-1.25,-0.25,DS,output
H9,H,9,0.75,-0.25,VSS,power_in
H11,H,11,1.75,-0.25,NC,no_connect
H12,H,12,2.25,-0.25,NC,no_connect
H13,H,13,2.75,-0.25,NC,no_connect
J1,J,1,-3.25,-0.75,NC,no_connect
J2,J,2,-2.75,-0.75,NC,no_connect
J3,J,3,-2.25,-0.75,NC,no_connect
J5,J,5,-1.25,-0.75,VSS,power_in
J9,J,9,0.75,-0.75,NC,no_connect
J11,J,11,1.75,-0.75,NC,no_connect
J12,J,12,2.25,-0.75,NC,no_connect
J13,J,13,2.75,-0.75,NC,no_connect
K1,K,1,-3.25,-1.25,NC,no_connect
K2,K,2,-2.75,-1.25,NC,no_connect
K3,K,3,-2.25,-1.25,NC,no_connect
K5,K,5,-1.25,-1.25,RST_n,input
K6,K,6,-0.75,-1.25,RFU,no_connect
K7,K,7,-0.25,-1.25,RFU,no_connect
K8,K,8,0.25,-1.25,VSS,power_in
K9,K,9,0.75,-1.25,VCC,power_in
K11,K,11,1.75,-1.25,VSF,no_connect
K12,K,12,2.25,-1.25,NC,no_connect
K13,K,13,2.75,-1.25,NC,no_connect
L1,L,1,-3.25,-1.75,NC,no_connect
L2,L,2,-2.75,-1.75,NC,no_connect
L3,L,3,-2.25,-1.75,NC,no_connect
L10,L,10,1.25,-1.75,NC,no_connect
L11,L,11,1.75,-1.75,NC,no_connect
L12,L,12,2.25,-1.75,NC,no_connect
L13,L,13,2.75,-1.75,NC,no_connect
L14,L,14,3.25,-1.75,NC,no_connect
M1,M,1,-3.25,-2.25,NC,no_connect
M2,M,2,-2.75,-2.25,NC,no_connect
M3,M,3,-2.25,-2.25,NC,no_connect
M4,M,4,-1.75,-2.25,VCCQ,power_in
M5,M,5,-1.25,-2.25,CMD,bidirectional
M6,M,6,-0.75,-2.25,CLK,input
M7,M,7,-0.25,-2.25,NC,no_connect
M8,M,8,0.25,-2.25,NC,no_connect
M9,M,9,0.75,-2.25,NC,no_connect
M10,M,10,1.25,-2.25,NC,no_connect
M11,M,11,1.75,-2.25,NC,no_connect
M12,M,12,2.25,-2.25,NC,no_connect
M13,M,13,2.75,-2.25,NC,no_connect
M14,M,14,3.25,-2.25,NC,no_connect
N1,N,1,-3.25,-2.75,NC,no_connect
N2,N,2,-2.75,-2.75,VSSQ,power_in
N3,N,3,-2.25,-2.75,NC,no_connect
N4,N,4,-1.75,-2.75,VCCQ,power_in
N5,N,5,-1.25,-2.75,VSSQ,power_in
N6,N,6,-0.75,-2.75,NC,no_connect
N7,N,7,-0.25,-2.75,NC,no_connect
N8,N,8,0.25,-2.75,NC,no_connect
N9,N,9,0.75,-2.75,NC,no_connect
N10,N,10,1.25,-2.75,NC,no_connect
N11,N,11,1.75,-2.75,NC,no_connect
N12,N,12,2.25,-2.75,NC,no_connect
N13,N,13,2.75,-2.75,NC,no_connect
N14,N,14,3.25,-2.75,NC,no_connect
P1,P,1,-3.25,-3.25,NC,no_connect
P2,P,2,-2.75,-3.25,NC,no_connect
P3,P,3,-2.25,-3.25,VCCQ,power_in
P4,P,4,-1.75,-3.25,VSSQ,power_in
P5,P,5,-1.25,-3.25,VCCQ,power_in
P6,P,6,-0.75,-3.25,VSSQ,power_in
P7,P,7,-0.25,-3.25,NC,no_connect
P8,P,8,0.25,-3.25,NC,no_connect
P9,P,9,0.75,-3.25,NC,no_connect
P10,P,10,1.25,-3.25,VSF,no_connect
P11,P,11,1.75,-3.25,NC,no_connect
P12,P,12,2.25,-3.25,NC,no_connect
P13,P,13,2.75,-3.25,NC,no_connect
P14,P,14,3.25,-3.25,NC,no_connect
